"species","speciesKey","occurences","family","iucnRedListCategory","abundance_rank","shannon_info"
"Columba palumbus","XBGG",43100,"Columbidae","LC",1,4.85309256035677
"Corvus corone","YNHJ",35496,"Corvidae","LC",2,5.13312397140037
"Turdus merula","7CYVX",34510,"Turdidae","LC",3,5.17376595589771
"Parus major","75SVV",33537,"Paridae","LC",4,5.2150267890306
"Pica pica","4HPXM",29916,"Corvidae","LC",5,5.37986314100793
"Cyanistes caeruleus","32NH2",29352,"Paridae","LC",6,5.40732161997205
"Coloeus monedula","X733",29127,"Corvidae","LC",7,5.41842331411823
"Fringilla coelebs","6JPSJ",26896,"Fringillidae","LC",8,5.53338879998442
"Erithacus rubecula","6H2XM",26885,"Muscicapidae","LC",9,5.53397895805776
"Anas platyrhynchos","DGP6",25835,"Anatidae","LC",10,5.59145354590837
"Chroicocephalus ridibundus","5YGFK",23961,"Laridae","LC",11,5.70009231015315
"Troglodytes troglodytes","598TT",23678,"Troglodytidae","LC",12,5.71723320309355
"Phylloscopus collybita","6VFMH",23172,"Phylloscopidae","LC",13,5.74839785954878
"Fulica atra","6K3W6",20851,"Rallidae","LC",14,5.90066385365372
"Passer domesticus","4DXXM",18563,"Passeridae","LC",15,6.06835054380862
"Sturnus vulgaris","5384V",18227,"Sturnidae","LC",16,6.09470330336184
"Phalacrocorax carbo","4FQQC",18157,"Phalacrocoracidae","LC",17,6.10025457740895
"Buteo buteo","NYV7",17833,"Accipitridae","LC",18,6.12623100539298
"Streptopelia decaocto","6ZXPP",17677,"Columbidae","LC",19,6.1389069769082
"Ardea cinerea","GCHS",17549,"Ardeidae","LC",20,6.14939160632905
"Prunella modularis","4N8CC",15410,"Prunellidae","LC",21,6.33691356781844
"Gallinula chloropus","3F6VX",15276,"Rallidae","LC",22,6.34951360459808
"Larus argentatus","3SBPN",14651,"Laridae","LC",23,6.40978129090728
"Sylvia atricapilla","53N3J",13201,"Sylviidae","LC",24,6.56013320914831
"Dendrocopos major","6CJDB",13168,"Picidae","LC",25,6.56374418879896
"Branta canadensis","5WRC3",12532,"Anatidae","LC",26,6.63516375484954
"Garrulus glandarius","6JYHZ",12369,"Corvidae","LC",27,6.65405156261137
"Podiceps cristatus","782YB",12062,"Podicipedidae","LC",28,6.69031128936056
"Mareca strepera","9HJGV",12000,"Anatidae","LC",29,6.69774602383735
"Vanellus vanellus","7FFJL",11925,"Charadriidae","NT",30,6.70679116344035
"Hirundo rustica","3M4S7",11777,"Hirundinidae","LC",31,6.72480834689756
"Picus viridis","4HR3F",11606,"Picidae","LC",32,6.74590959566724
"Aythya fuligula","5VYJV",11572,"Anatidae","LC",33,6.75014220129099
"Anser anser","679X7",10878,"Anatidae","LC",34,6.83936709875528
"Falco tinnunculus","3DTGW",10673,"Falconidae","LC",35,6.86681467930169
"Columba livia","XBFW",10490,"Columbidae","LC",36,6.89176575175596
"Alopochen aegyptiaca","C5KM",10340,"Anatidae","LC",37,6.91254424401829
"Turdus philomelos","59PMR",10275,"Turdidae","LC",38,6.92164203576418
"Motacilla alba","44G99",10233,"Motacillidae","LC",39,6.92755126888603
"Larus fuscus","3SBQ9",10053,"Laridae","LC",40,6.95315433729496
"Tadorna tadorna","54GHV",10016,"Anatidae","LC",41,6.95847396228797
"Chloris chloris","5XWQ6",9550,"Fringillidae","LC",42,7.02720779141012
"Cygnus olor","32ZQB",9120,"Anatidae","LC",43,7.09367470016849
"Aegithalos caudatus","64WQQ",8823,"Aegithalidae","LC",44,7.14143923961237
"Spatula clypeata","9HKHD",8675,"Anatidae","LC",45,7.1658447668676
"Certhia brachydactyla","69N9M",8594,"Certhiidae","LC",46,7.17937874744665
"Ardea alba","GCHR",8160,"Ardeidae","LC",47,7.25413937236173
"Haematopus ostralegus","3J8XQ",7847,"Haematopodidae","NT",48,7.31056732435756
"Anas crecca","DGND",7728,"Anatidae","LC",49,7.33261343038482
"Cettia cetti","T77T",7678,"Cettiidae","LC",50,7.34197796437364
"Carduelis carduelis","R6J7",7643,"Fringillidae","LC",51,7.34856949420453
"Columba oenas","5ZQ9C",7514,"Columbidae","LC",52,7.37312740857882
"Anthus pratensis","67KF6",7196,"Motacillidae","LC",53,7.43551333796911
"Phasianus colchicus","4FWMN",7083,"Phasianidae","LC",54,7.45834798227079
"Tachybaptus ruficollis","54C7M",6678,"Podicipedidae","LC",55,7.54329243115747
"Apus apus","FZD9",6660,"Apodidae","LC",56,7.54718634726196
"Aythya ferina","K56T",6524,"Anatidae","VU",57,7.57695174250871
"Sitta europaea","6Z52Z",6350,"Sittidae","LC",58,7.6159519326737
"Larus canus","3SBPZ",6287,"Laridae","LC",59,7.63033676144213
"Curruca communis","DDBNS",6230,"Sylviidae","LC",60,7.64347636130923
"Emberiza schoeniclus","39FTN",6217,"Emberizidae","LC",61,7.64648994568314
"Regulus regulus","78SHD",6093,"Regulidae","LC",62,7.67555578420328
"Alauda arvensis","BFFT",5897,"Alaudidae","LC",63,7.72272733039867
"Numenius arquata","483SZ",5892,"Scolopacidae","NT",64,7.72395109418474
"Accipiter nisus","93VP",5663,"Accipitridae","LC",65,7.78114199473301
"Actitis hypoleucos","64QTG",5638,"Scolopacidae","LC",66,7.78752504665017
"Tringa totanus","58VJH",5392,"Scolopacidae","LC",67,7.85188802803873
"Linaria cannabina","72F75",5272,"Fringillidae","LC",68,7.88435815421254
"Mareca penelope","9HJGS",5094,"Anatidae","LC",69,7.9339095649464
"Phoenicurus ochruros","4GKQX",5063,"Muscicapidae","LC",70,7.94271604031078
"Acrocephalus scirpaceus","9L82",4983,"Acrocephalidae","LC",71,7.96569395053706
"Egretta garzetta","6DYRB",4954,"Ardeidae","LC",72,7.97411465597423
"Turdus iliacus","59PLT",4932,"Turdidae","LC",73,7.98053572481775
"Alcedo atthis","667V7",4739,"Alcedinidae","LC",74,8.03812586358799
"Circus aeruginosus","5Z6WQ",4733,"Accipitridae","LC",75,8.03995360248223
"Motacilla cinerea","44G9B",4709,"Motacillidae","LC",76,8.04728780192106
"Platalea leucorodia","4JMRD",4694,"Threskiornithidae","LC",77,8.05189068269742
"Psittacula krameri","4PKCM",4594,"Psittaculidae","LC",78,8.08295766784267
"Tringa ochropus","58VJC",4544,"Scolopacidae","LC",79,8.09874568971591
"Cuculus canorus","6BPL3",4460,"Cuculidae","LC",80,8.12566481441292
"Saxicola rubicola","6Y2RF",4457,"Muscicapidae","",81,8.12663556360794
"Delichon urbicum","34GHX",4440,"Hirundinidae","LC",82,8.13214884798312
"Tringa nebularia","58VJB",4282,"Scolopacidae","LC",83,8.18442372883508
"Motacilla flava","44G9F",4269,"Motacillidae","LC",84,8.18881036197295
"Gallinago gallinago","3F6V9",4237,"Scolopacidae","LC",85,8.1996653958567
"Branta leucopsis","N74C",4114,"Anatidae","LC",86,8.24216673069566
"Spinus spinus","4Z65Y",3992,"Fringillidae","LC",87,8.28559680388333
"Corvus frugilegus","YNHT",3728,"Corvidae","LC",88,8.38430666456631
"Limosa limosa","72FCR",3669,"Scolopacidae","NT",89,8.40732161997205
"Phylloscopus trochilus","77FNC",3554,"Phylloscopidae","LC",90,8.45326484319191
"Regulus ignicapilla","4RPW7",3508,"Regulidae","LC",91,8.47205977677586
"Turdus pilaris","59PMS",3499,"Turdidae","LC",92,8.47576585998074
"Fringilla montifringilla","6JPSG",3409,"Fringillidae","LC",93,8.51335992508064
"Passer montanus","4DXY4",3395,"Passeridae","LC",94,8.5192969500885
"Sterna hirundo","6ZSCT",3280,"Laridae","LC",95,8.56901270971514
"Falco peregrinus","3DTGL",3275,"Falconidae","LC",96,8.57121361790841
"Ichthyaetus melanocephalus","6N5PG",3259,"Laridae","LC",97,8.57827917248203
"Charadrius dubius","5XPL5",3161,"Charadriidae","",98,8.62232748931609
"Anser albifrons","679WV",3129,"Anatidae","LC",99,8.63700686597967
"Calidris pugnax","9HCHQ",3127,"Scolopacidae","LC",100,8.63792930529555
"Anas acuta","DGMX",3120,"Anatidae","LC",101,8.64116249547098
"Ciconia ciconia","5Z5T3",3118,"Ciconiidae","LC",102,8.6420875965228
"Oenanthe oenanthe","48X9H",2868,"Muscicapidae","LC",103,8.76266350051869
"Recurvirostra avosetta","4RP59",2819,"Recurvirostridae","LC",104,8.78752504665017
"Luscinia svecica","3WFWC",2797,"Muscicapidae","LC",105,8.7988282707444
"Calidris alpina","PK42",2776,"Scolopacidae","NT",106,8.80970095664233
"Sylvia borin","53N3M",2756,"Sylviidae","LC",107,8.8201326365163
"Larus marinus","3SBQM",2727,"Laridae","LC",108,8.83539382430533
"Acrocephalus schoenobaenus","9L7Y",2645,"Acrocephalidae","LC",109,8.8794408022192
"Periparus ater","4F2VB",2539,"Paridae","LC",110,8.93844812957308
"Rallus aquaticus","4RB9P",2367,"Rallidae","LC",111,9.03964881848598
"Lophophanes cristatus","3W3VB",2327,"Paridae","LC",112,9.06423731381524
"Charadrius hiaticula","TMWY",2321,"Charadriidae","LC",113,9.06796200187611
"Riparia riparia","4T4PL",2308,"Hirundinidae","LC",114,9.07606530057511
"Turdus viscivorus","59PNF",2268,"Turdidae","LC",115,9.10128788427836
"Arenaria interpres","67RLB",2219,"Scolopacidae","NT",116,9.13279885702358
"Anthus trivialis","5VKFM",2216,"Motacillidae","LC",117,9.1347506431714
"Acrocephalus palustris","9L78",2209,"Acrocephalidae","LC",118,9.13931510586531
"Emberiza citrinella","39FSZ",2207,"Emberizidae","LC",119,9.14062189494098
"Poecile palustris","4KSC9",2176,"Paridae","LC",120,9.16102996797025
"Spatula querquedula","9HKHG",2096,"Anatidae","LC",121,9.21506980768314
"Falco subbuteo","6HNPP",2093,"Falconidae","LC",122,9.21713621296488
"Perdix perdix","6V58Q",1986,"Phasianidae","LC",123,9.29284290169222
"Coccothraustes coccothraustes","WLXJ",1873,"Fringillidae","LC",124,9.37735762497755
"Tringa erythropus","58VJ2",1854,"Scolopacidae","LC",125,9.39206728059506
"Milvus milvus","43DZJ",1828,"Accipitridae","LC",126,9.41244245416252
"Circus cyaneus","VG7Z",1815,"Accipitridae","LC",127,9.42273897633748
"Podiceps nigricollis","4KPP4",1729,"Podicipedidae","LC",128,9.49277065557831
"Tringa glareola","58VJ4",1682,"Scolopacidae","LC",129,9.53253081896545
"Strix aluco","532G9",1629,"Strigidae","LC",130,9.57872192069507
"Numenius phaeopus","483T6",1612,"Scolopacidae","LC",131,9.59385678069262
"Luscinia megarhynchos","3WFW6",1589,"Muscicapidae","LC",132,9.61458939987207
"Pluvialis squatarola","4KKPY",1546,"Charadriidae","VU",133,9.65416820529574
"Pyrrhula pyrrhula","4QW2H",1519,"Fringillidae","LC",134,9.67958665471851
"Phoenicurus phoenicurus","4GKQY",1508,"Muscicapidae","LC",135,9.69007209595193
"Dryocopus martius","37VCZ",1445,"Picidae","LC",136,9.75163903183255
"Ardea ibis","CPZZL",1389,"Ardeidae","LC",137,9.8086619252392
"Lullula arborea","732CT",1384,"Alaudidae","LC",138,9.81386458158386
"Pernis apivorus","4F6YZ",1379,"Accipitridae","LC",139,9.81908606770661
"Curruca curruca","DDBMF",1377,"Sylviidae","LC",140,9.82117996508563
"Bucephala clangula","NM25",1358,"Anatidae","LC",141,9.84122504497586
"Poecile montanus","4KSC7",1308,"Paridae","LC",142,9.89534598372251
"Saxicola rubetra","6XR3F",1283,"Muscicapidae","LC",143,9.92318735413091
"Locustella naevia","6QLK4",1204,"Locustellidae","LC",144,10.0148731324609
"Calidris alba","PK3Z",1193,"Scolopacidae","LC",145,10.0281144815254
"Anthus spinoletta","5VKDZ",1182,"Motacillidae","LC",146,10.0414784890431
"Larus cachinnans","3SBPX",1180,"Laridae","LC",147,10.0439216649714
"Dryobates minor","7TCSL",1176,"Picidae","LC",148,10.0488204643842
"Scolopax rusticola","4VS4Z",1135,"Scolopacidae","LC",149,10.1000162270423
"Limosa lapponica","6QFD3",1133,"Scolopacidae","NT",150,10.1025606634001
"Ficedula hypoleuca","6HWGP",1105,"Muscicapidae","LC",151,10.1386621549418
"Pluvialis apricaria","4KKPV",1086,"Charadriidae","LC",152,10.1636844214162
"Larus michahellis","3SBQP",1063,"Laridae","LC",153,10.1945669276895
"Mergus merganser","3ZTRN",1041,"Anatidae","LC",154,10.2247384559212
"Loxia curvirostra","3W8WP",984,"Fringillidae","LC",155,10.3059783038813
"Athene noctua","687BR",982,"Strigidae","LC",156,10.3089135949059
"Astur gentilis","CVW3C",976,"Accipitridae","LC",157,10.3177554716577
"Himantopus himantopus","3LXZ5",971,"Recurvirostridae","LC",158,10.3251653238014
"Asio otus","6866L",964,"Strigidae","LC",159,10.3356034729906
"Muscicapa striata","44Q67",959,"Muscicapidae","LC",160,10.3431058042025
"Corvus corax","YNHG",946,"Corvidae","LC",161,10.3627964358812
"Thalasseus sandvicensis","7C5FT",943,"Laridae","LC",162,10.3673788485455
"Cisticola juncidis","5Z8F6",927,"Cisticolidae","LC",163,10.3920672805951
"Mergellus albellus","3ZTRF",911,"Anatidae","LC",164,10.4171855654185
"Hydrocoloeus minutus","6MJWG",853,"Laridae","LC",165,10.5120908779023
"Pandion haliaetus","4CBTY",842,"Pandionidae","LC",166,10.5308163861542
"Hippolais icterina","3M26B",826,"Acrocephalidae","LC",167,10.5584948378011
"Anser brachyrhynchus","5V9X4",818,"Anatidae","LC",168,10.5725357762788
"Branta bernicla","N749",795,"Anatidae","LC",169,10.6136817590489
"Dendrocoptes medius","7T2T9",787,"Picidae","LC",170,10.6282729837131
"Acanthis flammea","8TTP",765,"Fringillidae","LC",171,10.6691768716406
"Turdus torquatus","59PND",763,"Turdidae","LC",172,10.6729535623861
"Phylloscopus inornatus","77FMP",755,"Phylloscopidae","LC",173,10.6881599750081
"Calidris canutus","PK44",745,"Scolopacidae","NT",174,10.7073961938711
"Lanius collurio","3S7BJ",728,"Laniidae","LC",175,10.7406981690219
"Panurus biarmicus","4CHSV",711,"Panuridae","LC",176,10.7747870596012
"Morus bassanus","7436N",709,"Sulidae","LC",177,10.7788509919811
"Falco columbarius","3DTFW",708,"Falconidae","LC",178,10.7808872591376
"Chlidonias niger","5Y972",679,"Laridae","LC",179,10.8412250449759
"Streptopelia turtur","6ZXPY",673,"Columbidae","VU",180,10.8540301146103
"Locustella luscinioides","6QLJV",652,"Locustellidae","LC",181,10.8997646549895
"Botaurus stellaris","MMYM",646,"Ardeidae","LC",182,10.9131024545267
"Cygnus columbianus","32ZQ6",640,"Anatidae","LC",183,10.9265647143332
"Grus grus","3HFDF",638,"Gruidae","LC",184,10.9310801954557
"Asio flammeus","5W66M",632,"Strigidae","LC",185,10.9447120610435
"Anthus petrosus","5VKF6",629,"Motacillidae","LC",186,10.9515766023413
"Melanitta nigra","3Z83C",621,"Anatidae","LC",187,10.9700433510001
"Milvus migrans","43DZH",611,"Accipitridae","LC",188,10.9934642394019
"Oriolus oriolus","74VGB",601,"Oriolidae","LC",189,11.0172716285094
"Lanius excubitor","3S7BN",568,"Laniidae","LC",190,11.0987456897159
"Aix galericulata","5TV4F",563,"Anatidae","LC",191,11.1115016971404
"Rissa tridactyla","4T594",563,"Laridae","VU",192,11.1115016971404
"Calidris minuta","PK4D",561,"Scolopacidae","LC",193,11.1166358486118
"Ardea purpurea","GCJ8",552,"Ardeidae","LC",194,11.1399683524424
"Calidris maritima","695XN",523,"Scolopacidae","LC",195,11.2178256729736
"Certhia familiaris","5XN9F",489,"Certhiidae","LC",196,11.3148021542684
"Anser serrirostris","9HH6D",474,"Anatidae","",197,11.3597495603223
"Tyto alba","59ZVQ",467,"Tytonidae","LC",198,11.3812140695109
"Mergus serrator","3ZTRQ",462,"Anatidae","LC",199,11.3967437678045
"Phylloscopus sibillatrix","6VFN8",453,"Phylloscopidae","",200,11.4251255691744
"Netta rufina","479P3",447,"Anatidae","LC",201,11.4443617880373
"Anser indicus","5V9X5",446,"Anatidae","LC",202,11.4475929093003
"Calidris ferruginea","PK47",426,"Scolopacidae","VU",203,11.5137831889948
"Ciconia nigra","5YTSK",426,"Ciconiidae","LC",204,11.5137831889948
"Coturnix coturnix","YYSJ",419,"Phasianidae","LC",205,11.5376863755212
"Cinclus cinclus","VDPH",411,"Cinclidae","LC",206,11.5654982255389
"Sternula albifrons","52G25",405,"Laridae","LC",207,11.5867147114486
"Gavia stellata","3FFP8",404,"Gaviidae","LC",208,11.5902813264688
"Uria aalge","7DS6Y",396,"Alcidae","LC",209,11.619136189141
"Botaurus minutus","CR8MD",388,"Ardeidae","LC",210,11.6485799670335
"Lymnocryptes minimus","3WSC2",380,"Scolopacidae","LC",211,11.6786372008896
"Emberiza calandra","39FSR",375,"Emberizidae","LC",212,11.6977460238373
"Jynx torquilla","3QXQR",370,"Picidae","LC",213,11.7171113487043
"Aythya marila","K56W",366,"Anatidae","LC",214,11.7327929709365
"Plectrophenax nivalis","77QJ8",347,"Calcariidae","LC",215,11.8097009566423
"Gavia immer","3FFP6",344,"Gaviidae","LC",216,11.8222280545185
"Stercorarius parasiticus","52D8N",340,"Stercorariidae","LC",217,11.8391018730829
"Serinus serinus","4WV7R",339,"Fringillidae","LC",218,11.8433513460842
"Alca torda","BGZW",336,"Alcidae","LC",219,11.8561753864418
"Hippolais polyglotta","3M26F",336,"Acrocephalidae","LC",220,11.8561753864418
"Somateria mollissima","6Z4ZB",320,"Anatidae","NT",221,11.9265647143332
"Calidris temminckii","PK4K",315,"Scolopacidae","LC",222,11.9492847908333
"Galerida cristata","3F4BG",311,"Alaudidae","LC",223,11.96772203909
"Podiceps grisegena","4KPNX",289,"Podicipedidae","LC",224,12.0735671267199
"Remiz pendulinus","4RRFV",271,"Remizidae","LC",225,12.1663437678667
"Melanitta fusca","3Z83B",263,"Anatidae","VU",226,12.2095738199283
"Bubo bubo","NKSD",259,"Strigidae","LC",227,12.231684521534
"Tadorna ferruginea","54GHT",253,"Anatidae","LC",228,12.2654992345263
"Stercorarius skua","52D8Q",249,"Stercorariidae","LC",229,12.2884908771525
"Nycticorax nycticorax","485KR",247,"Ardeidae","LC",230,12.3001255776359
"Porzana porzana","4M2R8",245,"Rallidae","LC",231,12.311854870218
"Gulosus aristotelis","D5JSP",236,"Phalacrocoracidae","LC",232,12.3658497598587
"Plegadis falcinellus","4K62L",234,"Threskiornithidae","LC",233,12.3781280896372
"Podiceps auritus","4KPNN",233,"Podicipedidae","VU",234,12.3843066645663
"Cygnus atratus","32ZQ4",231,"Anatidae","LC",235,12.3967437678045
"Calcarius lapponicus","PGVX",228,"Calcariidae","LC",236,12.4156027950558
"Caprimulgus europaeus","QSND",228,"Caprimulgidae","LC",237,12.4156027950558
"Cygnus cygnus","32ZQ7",217,"Anatidae","LC",238,12.4869415767761
"Haliaeetus albicilla","3JBJV",216,"Accipitridae","LC",239,12.4936053070571
"Sterna paradisaea","6ZSDC",209,"Laridae","LC",240,12.5411336771397
"Acrocephalus arundinaceus","9L48",204,"Acrocephalidae","",241,12.5760674672491
"Aythya nyroca","K56Y",203,"Anatidae","NT",242,12.5831568920354
"Gavia arctica","3FFP5",200,"Gaviidae","LC",243,12.6046366194459
"Stercorarius pomarinus","52D8P",195,"Stercorariidae","LC",244,12.641162495471
"Phalaropus fulicarius","4FRHR",194,"Scolopacidae","LC",245,12.6485799670335
"Charadrius alexandrinus","TMWL",191,"Charadriidae","",246,12.6710639811848
"Phylloscopus proregulus","77FN7",187,"Phylloscopidae","LC",247,12.701598349333
"Phylloscopus fuscatus","77FML",183,"Phylloscopidae","LC",248,12.7327929709365
"Myiopsitta monachus","4532H",181,"Psittacidae","LC",249,12.7486469221374
"Circus pygargus","VG87",181,"Accipitridae","LC",250,12.7486469221374
"Bombycilla garrulus","5WNQS",178,"Bombycillidae","LC",251,12.7727593782542
"Rhodostethia rosea","4SJLX",174,"Laridae","LC",252,12.8055493133719
"Branta ruficollis","N74F",174,"Anatidae","VU",253,12.8055493133719
"Buteo lagopus","NYVC",171,"Accipitridae","LC",254,12.8306402943347
"Fulmarus glacialis","6K3X3",166,"Procellariidae","LC",255,12.8734533778737
"Cairina moschata","PBGT",165,"Anatidae","LC",256,12.8821705949748
"Clangula hyemalis","5YVVD",162,"Anatidae","VU",257,12.908642806336
"Anthus campestris","67KDW",156,"Motacillidae","LC",258,12.9630905903583
"Phylloscopus humei","6VFMM",155,"Phylloscopidae","LC",259,12.9723684039464
"Puffinus puffinus","4QFY4",151,"Procellariidae","LC",260,13.0100880698955
"Ardenna grisea","D5KCJ",147,"Procellariidae","NT",261,13.0488204643842
"Chlidonias hybrida","5XX6Q",145,"Laridae","LC",262,13.0685837192057
"Nucifraga caryocatactes","482M4",141,"Corvidae","LC",263,13.1089414568218
"Anser rossii","66XWT",140,"Anatidae","LC",264,13.1192097922756
"Anthus richardi","67KF5",133,"Motacillidae","LC",265,13.1932103737194
"Merops apiaster","3ZW55",129,"Meropidae","LC",266,13.2372655537973
"Hydrobates leucorhous","D5KF8",129,"Hydrobatidae","VU",267,13.2372655537973
"Emberiza pusilla","39FTJ",127,"Emberizidae","LC",268,13.2598081224484
"Charadrius morinellus","TMX9",127,"Charadriidae","",269,13.2598081224484
"Eremophila alpestris","6GFXQ",121,"Alaudidae","LC",270,13.329629571946
"Oxyura jamaicensis","4BMPH",119,"Anatidae","",271,13.3536750459126
"Larus hyperboreus","3SBQG",119,"Laridae","LC",272,13.3536750459126
"Lyrurus tetrix","3WTTR",117,"Phasianidae","LC",273,13.3781280896372
"Stercorarius longicaudus","52D8L",115,"Stercorariidae","LC",274,13.4030027582762
"Hydroprogne caspia","3N8ZF",113,"Laridae","LC",275,13.4283138468054
"Curruca nisoria","DDBLT",112,"Sylviidae","LC",276,13.441137887163
"Chlidonias leucopterus","5Y96Q",111,"Laridae","LC",277,13.4540769428705
"Falco vespertinus","3DTGX",111,"Falconidae","VU",278,13.4540769428705
"Circus macrourus","VG83",110,"Accipitridae","NT",279,13.4671330956959
"Ficedula parva","6HWGB",108,"Muscicapidae","LC",280,13.4936053070571
"Corvus cornix","YNHH",108,"Corvidae","",281,13.4936053070571
"Larus glaucoides","3SBQC",107,"Laridae","LC",282,13.5070258228194
"Ardeola ralloides","GCML",106,"Ardeidae","LC",283,13.5205723546574
"Circaetus gallicus","VFS9",102,"Accipitridae","LC",284,13.5760674672491
"Xema sabini","7G8T5",102,"Laridae","LC",285,13.5760674672491
"Phalaropus lobatus","4FRHS",101,"Scolopacidae","LC",286,13.5902813264688
"Upupa epops","7DLHC",100,"Upupidae","LC",287,13.6046366194459
"Psittacula eupatria","4PKCF",98,"Psittaculidae","LC",288,13.6337829651054
"Aegolius funereus","658RG",97,"Strigidae","LC",289,13.6485799670335
"Microcarbo pygmaeus","D5K8J",97,"Phalacrocoracidae","LC",290,13.6485799670335
"Zapornia pusilla","CPPDY",93,"Rallidae","LC",291,13.7093339981126
"Turdus eunomus","59PLD",93,"Turdidae","LC",292,13.7093339981126
"Tringa stagnatilis","58VJG",93,"Scolopacidae","LC",293,13.7093339981126
"Saxicola maurus","6XQRF",92,"Muscicapidae","",294,13.7249308531636
"Anthus cervinus","5VKDV",88,"Motacillidae","LC",295,13.7890611905833
"Branta hutchinsii","N74B",88,"Anatidae","LC",296,13.7890611905833
"Anser cygnoides","66Y8S",85,"Anatidae","EN",297,13.8391018730829
"Linaria flavirostris","6QGKV",85,"Fringillidae","LC",298,13.8391018730829
"Calidris melanotos","PK4C",84,"Scolopacidae","LC",299,13.8561753864418
"Larus delawarensis","3SBQ4",81,"Laridae","LC",300,13.908642806336
"Acrocephalus dumetorum","9L5F",81,"Acrocephalidae","LC",301,13.908642806336
"Elanus caeruleus","38YJ7",80,"Accipitridae","LC",302,13.9265647143332
"Crex crex","ZFFP",79,"Rallidae","LC",303,13.9447120610435
"Carpodacus erythrinus","RG9T",78,"Fringillidae","LC",304,13.9630905903583
"Aythya collaris","K56S",77,"Anatidae","LC",305,13.9817062685257
"Glaucidium passerinum","3G64C",76,"Strigidae","LC",306,14.000565295777
"Emberiza hortulana","39FT7",76,"Emberizidae","LC",307,14.000565295777
"Aix sponsa","BDDV",76,"Anatidae","LC",308,14.000565295777
"Oenanthe isabellina","48X87",75,"Muscicapidae","LC",309,14.0196741187247
"Zapornia parva","CPPDW",73,"Rallidae","LC",310,14.0586682503406
"Phylloscopus trochiloides","6VFNC",72,"Phylloscopidae","LC",311,14.0785678077783
"Gelochelidon nilotica","3FJY7",71,"Laridae","LC",312,14.0987456897159
"Bubo scandiacus","NKTJ",68,"Strigidae","VU",313,14.1610299679703
"Anser caerulescens","66XWS",67,"Anatidae","LC",314,14.1824036187628
"Lanius senator","3S7C6",62,"Laniidae","NT",315,14.2942964988337
"Spatula discors","9HKHF",61,"Anatidae","LC",316,14.3177554716577
"Anser erythropus","66Y94",61,"Anatidae","VU",317,14.3177554716577
"Pastor roseus","4DZCM",60,"Sturnidae","LC",318,14.3416022136121
"Sibirionetta formosa","9HKDN",60,"Anatidae","LC",319,14.3416022136121
"Anthus hodgsoni","67KDB",60,"Motacillidae","LC",320,14.3416022136121
"Cecropis rufula","TZL28",59,"Hirundinidae","",321,14.3658497598587
"Oenanthe deserti","48X6R",59,"Muscicapidae","LC",322,14.3658497598587
"Phylloscopus schwarzi","6VFMW",58,"Phylloscopidae","LC",323,14.390511814093
"Burhinus oedicnemus","NXG9",56,"Burhinidae","LC",324,14.441137887163
"Alle alle","BTFY",56,"Alcidae","LC",325,14.441137887163
"Phylloscopus ibericus","77FMM",56,"Phylloscopidae","LC",326,14.441137887163
"Locustella fluviatilis","72LK9",56,"Locustellidae","LC",327,14.441137887163
"Mareca americana","3Y3C6",54,"Anatidae","LC",328,14.4936053070571
"Tarsiger cyanurus","54XYS",54,"Muscicapidae","LC",329,14.4936053070571
"Melospiza melodia","3ZN55",53,"Passerellidae","",330,14.5205723546574
"Helopsaltes certhiola","PDTFG",52,"Locustellidae","LC",331,14.5480530910795
"Xenus cinereus","5CBY8",52,"Scolopacidae","LC",332,14.5480530910795
"Loxia pytyopsittacus","3W8WV",51,"Fringillidae","LC",333,14.5760674672491
"Emberiza cirlus","9G55B",51,"Emberizidae","LC",334,14.5760674672491
"Emberiza leucocephalos","39FTD",49,"Emberizidae","LC",335,14.6337829651054
"Pluvialis fulva","4KKPX",49,"Charadriidae","LC",336,14.6337829651054
"Tichodroma muraria","56VKH",49,"Tichodromidae","LC",337,14.6337829651054
"Acrocephalus paludicola","9L77",49,"Acrocephalidae","VU",338,14.6337829651054
"Oxyura leucocephala","4BMPJ",48,"Anatidae","EN",339,14.6635303084994
"Cepphus grylle","SFVL",47,"Alcidae","LC",340,14.693903957543
"Gyps fulvus","3HXNC",47,"Accipitridae","LC",341,14.693903957543
"Tringa flavipes","58VJ3",47,"Scolopacidae","VU",342,14.693903957543
"Apus pallidus","67QDC",46,"Apodidae","LC",343,14.7249308531636
"Curruca undata","NBQ3Z",45,"Sylviidae","NT",344,14.7566397128909
"Prunella collaris","4N8B4",40,"Prunellidae","LC",345,14.9265647143332
"Vanellus gregarius","7FFJ4",40,"Charadriidae","CR",346,14.9265647143332
"Iduna caligata","6MT97",39,"Acrocephalidae","LC",347,14.9630905903583
"Somateria spectabilis","4Y8FV",39,"Anatidae","LC",348,14.9630905903583
"Ptyonoprogne rupestris","4QBMM",38,"Hirundinidae","LC",349,15.000565295777
"Monticola solitarius","44B89",37,"Muscicapidae","LC",350,15.0390394435916
"Leucophaeus pipixcan","6Q4RB",37,"Laridae","LC",351,15.0390394435916
"Emberiza rustica","39FTK",37,"Emberizidae","NT",352,15.0390394435916
"Hydrobates pelagicus","3N5B2",37,"Hydrobatidae","LC",353,15.0390394435916
"Oenanthe pleschanka","6SJPR",36,"Muscicapidae","LC",354,15.0785678077783
"Lanius cristatus","3S7BL",34,"Laniidae","LC",355,15.1610299679703
"Anthus godlewskii","67KDD",32,"Motacillidae","LC",356,15.2484928092206
"Gallinago media","6K9FQ",32,"Scolopacidae","NT",357,15.2484928092206
"Calidris subruficollis","9HCHR",31,"Scolopacidae","VU",358,15.2942964988337
"Calidris falcinellus","9HKB9",31,"Scolopacidae","VU",359,15.2942964988337
"Streptopelia orientalis","6ZXQ7",31,"Columbidae","LC",360,15.2942964988337
"Eudocimus albus","3C2DJ",31,"Threskiornithidae","LC",361,15.2942964988337
"Picus canus","4HR33",31,"Picidae","LC",362,15.2942964988337
"Aythya affinis","K56N",31,"Anatidae","LC",363,15.2942964988337
"Hieraaetus pennatus","3LKLR",30,"Accipitridae","LC",364,15.3416022136121
"Lanius schach","3S7C5",30,"Laniidae","LC",365,15.3416022136121
"Eudocimus ruber","3C2DL",30,"Threskiornithidae","LC",366,15.3416022136121
"Phylloscopus borealis","77FNW",29,"Phylloscopidae","LC",367,15.390511814093
"Buteo rufinus","NYVP",29,"Accipitridae","LC",368,15.390511814093
"Phylloscopus bonelli","6VFNW",28,"Phylloscopidae","LC",369,15.441137887163
"Clanga clanga","CTW5G",28,"Accipitridae","VU",370,15.441137887163
"Acrocephalus agricola","9L45",27,"Acrocephalidae","LC",371,15.4936053070571
"Junco hyemalis","6NFHF",27,"Passerellidae","LC",372,15.4936053070571
"Otus scops","4B8JH",26,"Strigidae","LC",373,15.5480530910795
"Threskiornis aethiopicus","56LQB",26,"Threskiornithidae","LC",374,15.5480530910795
"Curruca cantillans","DDBNP",25,"Sylviidae","LC",375,15.6046366194459
"Sterna dougallii","6ZSB2",24,"Laridae","LC",376,15.6635303084994
"Puffinus mauretanicus","4QFXW",24,"Procellariidae","CR",377,15.6635303084994
"Otis tarda","4B729",24,"Otididae","EN",378,15.6635303084994
"Glareola nordmanni","3G5XD",24,"Glareolidae","NT",379,15.6635303084994
"Tetrax tetrax","55TXX",23,"Otididae","NT",380,15.7249308531636
"Limnodromus scolopaceus","72DFK",23,"Scolopacidae","NT",381,15.7249308531636
"Mniotilta varia","43SRL",23,"Parulidae","LC",382,15.7249308531636
"Lophodytes cucullatus","3W3GS",23,"Anatidae","LC",383,15.7249308531636
"Pluvialis dominica","4KKPW",22,"Charadriidae","LC",384,15.7890611905833
"Mareca falcata","9HJGR",22,"Anatidae","LC",385,15.7890611905833
"Luscinia luscinia","3WFW5",22,"Muscicapidae","LC",386,15.7890611905833
"Dendrocygna bicolor","34Q32",22,"Anatidae","LC",387,15.7890611905833
"Actitis macularius","64R5G",22,"Scolopacidae","LC",388,15.7890611905833
"Fratercula arctica","6JMR3",21,"Alcidae","VU",389,15.8561753864418
"Callonetta leucophrys","PVJX",20,"Anatidae","LC",390,15.9265647143332
"Chroicocephalus genei","5YGFP",20,"Laridae","LC",391,15.9265647143332
"Apus affinis","FZD6",20,"Apodidae","LC",392,15.9265647143332
"Porphyrio porphyrio","787WV",20,"Rallidae","LC",393,15.9265647143332
"Calidris bairdii","PK43",19,"Scolopacidae","LC",394,16.000565295777
"Motacilla citreola","44G9C",19,"Motacillidae","LC",395,16.000565295777
"Melanitta perspicillata","3Z83D",19,"Anatidae","LC",396,16.000565295777
"Coracias garrulus","5ZZQS",19,"Coraciidae","LC",397,16.000565295777
"Podilymbus podiceps","4KPPM",19,"Podicipedidae","LC",398,16.000565295777
"Zoothera aurea","5D7NC",18,"Turdidae","LC",399,16.0785678077783
"Vireo olivaceus","5BJL4",18,"Vireonidae","LC",400,16.0785678077783
"Acrocephalus melanopogon","9L6S",17,"Acrocephalidae","LC",401,16.1610299679703
"Calandrella brachydactyla","5X6P9",17,"Alaudidae","LC",402,16.1610299679703
"Anas bahamensis","DGN4",17,"Anatidae","LC",403,16.1610299679703
"Chloephaga picta","5Y8VT",17,"Anatidae","LC",404,16.1610299679703
"Tachymarptis melba","8J7CN",16,"Apodidae","LC",405,16.2484928092206
"Zonotrichia albicollis","5D75Z",16,"Passerellidae","LC",406,16.2484928092206
"Chroicocephalus philadelphia","5YGG3",16,"Laridae","LC",407,16.2484928092206
"Serinus canaria","4WV6K",16,"Fringillidae","LC",408,16.2484928092206
"Gavia adamsii","3FFP4",15,"Gaviidae","NT",409,16.3416022136121
"Glareola pratincola","3G5XG",15,"Glareolidae","LC",410,16.3416022136121
"Nymphicus hollandicus","486M2",15,"Cacatuidae","LC",411,16.3416022136121
"Himantopus mexicanus","6LWTY",14,"Recurvirostridae","",412,16.441137887163
"Phylloscopus nitidus","77FMT",14,"Phylloscopidae","LC",413,16.441137887163
"Oenanthe seebohmi","R5BJ2",14,"Muscicapidae","LC",414,16.441137887163
"Curruca hortensis","DDBMW",14,"Sylviidae","LC",415,16.441137887163
"Lanius minor","3S7BY",13,"Laniidae","LC",416,16.5480530910795
"Calidris fuscicollis","PK48",12,"Scolopacidae","VU",417,16.6635303084994
"Chenonetta jubata","9HCXF",12,"Anatidae","LC",418,16.6635303084994
"Gallus gallus","3F72J",11,"Phasianidae","LC",419,16.7890611905833
"Melanocorypha calandra","3Z8CW",11,"Alaudidae","LC",420,16.7890611905833
"Phalaropus tricolor","4FRHT",11,"Scolopacidae","LC",421,16.7890611905833
"Aegypius monachus","64WLF",11,"Accipitridae","NT",422,16.7890611905833
"Mareca sibilatrix","9HJGT",11,"Anatidae","LC",423,16.7890611905833
"Melopsittacus undulatus","3ZN3R",11,"Psittaculidae","LC",424,16.7890611905833
"Pavo cristatus","6TWGZ",10,"Phasianidae","LC",425,16.9265647143332
"Bostrychia hagedash","MMGJ",10,"Threskiornithidae","LC",426,16.9265647143332
"Tetrastes bonasia","55SK5",9,"Phasianidae","LC",427,17.0785678077783
"Clamator glandarius","VQNX",9,"Cuculidae","LC",428,17.0785678077783
"Anser canagicus","66XX4",9,"Anatidae","LC",429,17.0785678077783
"Locustella lanceolata","72LK6",9,"Locustellidae","LC",430,17.0785678077783
"Dumetella carolinensis","382DF",8,"Mimidae","LC",431,17.2484928092206
"Haliaeetus leucocephalus","3JBJW",8,"Accipitridae","LC",432,17.2484928092206
"Oenanthe melanoleuca","R59KR",7,"Muscicapidae","",433,17.441137887163
"Marmaronetta angustirostris","3Y7XF",6,"Anatidae","NT",434,17.6635303084994
"Curruca iberiae","DDBNN",6,"Sylviidae","",435,17.6635303084994
"Emberiza aureola","39FSL",6,"Emberizidae","CR",436,17.6635303084994
"Branta sandvicensis","N74G",6,"Anatidae","NT",437,17.6635303084994
"Aquila chrysaetos","FZLP",6,"Accipitridae","LC",438,17.6635303084994
"Numenius minutus","483T4",6,"Scolopacidae","LC",439,17.6635303084994
"Phoenicopterus chilensis","4GKQ2",5,"Phoenicopteridae","NT",440,17.9265647143332
"Lanius isabellinus","3S7BT",5,"Laniidae","LC",441,17.9265647143332
"Dendrocygna autumnalis","34Q2Z",5,"Anatidae","LC",442,17.9265647143332
"Sterna forsteri","6ZSCV",5,"Laridae","LC",443,17.9265647143332
"Calidris minutilla","6969N",5,"Scolopacidae","NT",444,17.9265647143332
"Syrmaticus reevesii","542SH",5,"Phasianidae","VU",445,17.9265647143332
"Spatula versicolor","9HP5X",5,"Anatidae","LC",446,17.9265647143332
"Anas flavirostris","DGNM",4,"Anatidae","LC",447,18.2484928092206
"Vanellus leucurus","7FFJB",4,"Charadriidae","LC",448,18.2484928092206
"Milvago chimachima","43DZ8",4,"Falconidae","",449,18.2484928092206
"Aquila fasciata","FZLR",4,"Accipitridae","LC",450,18.2484928092206
"Gypaetus barbatus","6KVBQ",4,"Accipitridae","NT",451,18.2484928092206
"Pelecanus onocrotalus","75YWG",4,"Pelecanidae","LC",452,18.2484928092206
"Curruca sarda","DDBP3",4,"Sylviidae","LC",453,18.2484928092206
"Emberiza cia","9G559",4,"Emberizidae","LC",454,18.2484928092206
"Alaudala heinei","L7HPN",4,"Alaudidae","LC",455,18.2484928092206
"Anser fabalis","679WS",4,"Anatidae","LC",456,18.2484928092206
"Curruca melanocephala","DDBNH",4,"Sylviidae","LC",457,18.2484928092206
"Spatula rhynchotis","9HKY5",3,"Anatidae","LC",458,18.6635303084994
"Cardinalis cardinalis","R56G",3,"Cardinalidae","LC",459,18.6635303084994
"Haemorhous mexicanus","6L8DR",3,"Fringillidae","LC",460,18.6635303084994
"Spatula hottentota","9HP5T",3,"Anatidae","LC",461,18.6635303084994
"Phasianus versicolor","4FWMP",3,"Phasianidae","LC",462,18.6635303084994
"Calonectris borealis","D5KBW",3,"Procellariidae","LC",463,18.6635303084994
"Agapornis roseicollis","65MG4",3,"Psittaculidae","LC",464,18.6635303084994
"Oenanthe hispanica","48X7W",3,"Muscicapidae","LC",465,18.6635303084994
"Anas capensis","DGN8",3,"Anatidae","",466,18.6635303084994
"Plegadis ridgwayi","4K62M",3,"Threskiornithidae","LC",467,18.6635303084994
"Tadorna cana","54GHR",3,"Anatidae","LC",468,18.6635303084994
"Dendrocygna viduata","34Q36",2,"Anatidae","LC",469,19.2484928092206
"Phoenicopterus roseus","4GKQ5",2,"Phoenicopteridae","LC",470,19.2484928092206
"Chrysolophus pictus","5Z2F9",2,"Phasianidae","LC",471,19.2484928092206
"Amazonetta brasiliensis","CKFW",2,"Anatidae","LC",472,19.2484928092206
"Sturnia sinensis","537Z7",2,"Sturnidae","LC",473,19.2484928092206
"Spatula cyanoptera","9HKY4",2,"Anatidae","LC",474,19.2484928092206
"Poicephalus senegalus","4KWM6",2,"Psittacidae","LC",475,19.2484928092206
"Turdus migratorius","59PMB",2,"Turdidae","LC",476,19.2484928092206
"Euplectes afer","6HCWF",2,"Ploceidae","LC",477,19.2484928092206
"Porphyrio poliocephalus","CPCMT",2,"Rallidae","",478,19.2484928092206
"Acridotheres tristis","9KHT",2,"Sturnidae","LC",479,19.2484928092206
"Callipepla californica","PSBS",2,"Odontophoridae","LC",480,19.2484928092206
"Trichoglossus moluccanus","58CK8",2,"Psittaculidae","LC",481,19.2484928092206
"Bucephala albeola","NM24",2,"Anatidae","LC",482,19.2484928092206
"Alectoris rufa","BLSJ",2,"Phasianidae","NT",483,19.2484928092206
"Emberiza spodocephala","39FTR",2,"Emberizidae","LC",484,19.2484928092206
"Charadrius mongolus","TMX7",2,"Charadriidae","",485,19.2484928092206
"Psittacus erithacus","78JXM",2,"Psittacidae","EN",486,19.2484928092206
"Acridotheres cristatellus","9KHM",2,"Sturnidae","LC",487,19.2484928092206
"Calidris acuminata","PK3Y",1,"Scolopacidae","VU",488,20.2484928092206
"Pelecanus conspicillatus","75YWF",1,"Pelecanidae","LC",489,20.2484928092206
"Amandava amandava","65XNN",1,"Estrildidae","LC",490,20.2484928092206
"Grus virgo","CNWNW",1,"Gruidae","",491,20.2484928092206
"Calliope calliope","MBJZ4",1,"Muscicapidae","LC",492,20.2484928092206
"Psittacula alexandri","4PKC7",1,"Psittaculidae","NT",493,20.2484928092206
"Crithagra mozambica","6BGMD",1,"Fringillidae","LC",494,20.2484928092206
"Geranoaetus melanoleucus","3FVCC",1,"Accipitridae","LC",495,20.2484928092206
"Dacelo novaeguineae","33SX2",1,"Alcedinidae","LC",496,20.2484928092206
"Lophura nycthemera","72MJW",1,"Phasianidae","LC",497,20.2484928092206
"Cyanistes cyanus","32NH3",1,"Paridae","LC",498,20.2484928092206
"Ficedula albicollis","6HWH4",1,"Muscicapidae","LC",499,20.2484928092206
"Cereopsis novaehollandiae","9HDDL",1,"Anatidae","LC",500,20.2484928092206
"Onychoprion anaethetus","49RDZ",1,"Laridae","LC",501,20.2484928092206
"Monticola saxatilis","44B86",1,"Muscicapidae","LC",502,20.2484928092206
"Agapornis fischeri","65MFH",1,"Psittaculidae","NT",503,20.2484928092206
"Curruca subalpina","DDBNM",1,"Sylviidae","",504,20.2484928092206
"Cygnus melancoryphus","32ZQ8",1,"Anatidae","LC",505,20.2484928092206
"Loxia leucoptera","3W8WT",1,"Fringillidae","LC",506,20.2484928092206
"Neophron percnopterus","73W3F",1,"Accipitridae","EN",507,20.2484928092206
"Caracara plancus","QZS5",1,"Falconidae","LC",508,20.2484928092206
"Meleagris gallopavo","3ZDJV",1,"Phasianidae","LC",509,20.2484928092206
"Aratinga jandaya","G65Q",1,"Psittacidae","LC",510,20.2484928092206
"Buteo jamaicensis","69669",1,"Accipitridae","LC",511,20.2484928092206
"Aquila rapax","FZLX",1,"Accipitridae","VU",512,20.2484928092206
"Quiscalus major","4R7KB",1,"Icteridae","LC",513,20.2484928092206
"Thalassarche melanophris","7C5H9",1,"Diomedeidae","LC",514,20.2484928092206
"Phoenicopterus ruber","4GKQ6",1,"Phoenicopteridae","LC",515,20.2484928092206
"Uria lomvia","7DS6X",1,"Alcidae","LC",516,20.2484928092206
"Parabuteo unicinctus","4CN4R",1,"Accipitridae","LC",517,20.2484928092206
"Tringa melanoleuca","7D59V",1,"Scolopacidae","NT",518,20.2484928092206
"Carduelis citrinella","R6J9",1,"Fringillidae","LC",519,20.2484928092206
"Taeniopygia guttata","54HRJ",1,"Estrildidae","LC",520,20.2484928092206
"Ichthyaetus audouinii","6N5PM",1,"Laridae","VU",521,20.2484928092206
"Vanellus miles","7FFJC",1,"Charadriidae","LC",522,20.2484928092206
"Phoeniconaias minor","6VBLL",1,"Phoenicopteridae","NT",523,20.2484928092206
"Rhea americana","4S5KY",1,"Rheidae","NT",524,20.2484928092206
"Cyanochen cyanoptera","6C4P6",1,"Anatidae","NT",525,20.2484928092206
"Plectropterus gambensis","782LG",1,"Anatidae","LC",526,20.2484928092206
"Pterocles orientalis","4PW55",1,"Pteroclidae","LC",527,20.2484928092206
"Lonchura oryzivora","3VYFC",1,"Estrildidae","",528,20.2484928092206
"Chloris spinoides","5Y8C9",1,"Fringillidae","LC",529,20.2484928092206
