datasetkey	datasetname	publisher	COUNT(*)
e7cbb0ed-04c6-44ce-ac86-ebe49f4efb28	Waarnemingen.be - Bird occurrences in Flanders and the Brussels Capital Region, Belgium	Natuurpunt	12811851
4fa7b334-ce0d-4e88-aaae-2e0c138d049e		Cornell Lab of Ornithology	1245672
7f9eb622-c036-44c6-8be9-5793eaa1fa1e	Watervogels - Wintering waterbirds in Flanders, Belgium	Research Institute for Nature and Forest (INBO)	1074842
9a0b66df-7535-4f28-9f4e-5bc11b8b096c	Waarnemingen.be - Non-native animal occurrences in Flanders and the Brussels Capital Region, Belgium	Natuurpunt	1061702
6c860eb3-83ba-48c3-9328-a7b3c7a3c7b4	HG_OOSTENDE - Herring gulls (Larus argentatus, Laridae) breeding at the southern North Sea coast (Belgium)	Research Institute for Nature and Forest (INBO)	937170
355b8ff9-7bd9-49c3-92af-f6741b8bd0cb	LBBG_ZEEBRUGGE - Lesser black-backed gulls (Larus fuscus, Laridae) breeding at the southern North Sea coast (Belgium and the Netherlands)	Research Institute for Nature and Forest (INBO)	573769
0b499d5e-c359-4cce-b817-d6f588988441	HG_JUVENILE - Juvenile herring gulls (Larus argentatus, Laridae) hatched at the southern North Sea coast (Belgium)	Ghent University	452674
81c5a091-6e94-40db-a2a4-48f4de42d410	Broedvogels - Atlas of the breeding birds in Flanders 2000-2002	Research Institute for Nature and Forest (INBO)	330046
8ae09016-b819-450e-b8f6-c1f249110502	Broedvogels - Algemene broedvogels	Research Institute for Nature and Forest (INBO)	309896
99047b1e-ee53-4053-ba69-2e28eaaa45d9	ABV - Common breeding birds in Flanders, Belgium (post 2016)	Research Institute for Nature and Forest (INBO)	285661
3470d506-e667-4e3f-b178-819669684c05	European Seabirds At Sea (ESAS)	Flanders Marine Institute	282399
ab6a6c25-1562-426d-9fdd-c4d9529f076c	Meetnet Agrarische Soorten - Monitoring of birds and mammals in agricultural areas in Flanders, Belgium	Research Institute for Nature and Forest (INBO)	257665
39ca385b-6f25-402c-aa92-a76c89ecda0a	DELTATRACK - Herring gulls (Larus argentatus, Laridae) and lesser black-backed gulls (Larus fuscus, Laridae) breeding at Neeltje Jans (Netherlands)	Research Institute for Nature and Forest (INBO)	182149
629befd5-fb45-4365-95c4-d07e72479b37	Observations.be - Non-native species occurrences in Wallonia, Belgium	Natagora	177634
280674cb-42f8-4959-b6aa-eee663157965	INBO collaborator Occurrences of vertebrates recorded in waarnemingen.be in Flanders, Belgium	Research Institute for Nature and Forest (INBO)	118443
df50c722-070a-4c6a-a260-3a186ce72fe1	LBBG_ADULT - Lesser black-backed gulls (Larus fuscus, Laridae) breeding in Belgium	Research Institute for Nature and Forest (INBO)	110262
e2fb42ca-e408-4aa2-a7bd-a9bb4ddcc83a	BOP_RODENT - Rodent specialized birds of prey (Circus, Asio, Buteo) in Flanders (Belgium)	Research Institute for Nature and Forest (INBO)	107123
dde71542-ad2d-4ec7-a93c-eb18bc0f432b		Belgian Biodiversity Platform	96246
2f59780e-3d77-403a-9437-9a560ea5f764		Natagora	81329
83de99ee-92bd-4dc2-a038-a4856f13cd29	LBBG_JUVENILE - Juvenile lesser black-backed gulls (Larus fuscus, Laridae) and herring gulls (Larus argentatus, Laridae) hatched in Zeebrugge (Belgium)	Research Institute for Nature and Forest (INBO)	72069
50c9509d-22c7-4a22-a47d-8c48425ef4a7	iNaturalist research-grade observations	iNaturalist.org	66115
8a5cbaec-2839-4471-9e1d-98df301095dd	MICA - Muskrat and coypu camera trap observations in Belgium, the Netherlands and Germany	Research Institute for Nature and Forest (INBO)	50709
ebce3c1f-4307-4539-afb2-3876ec9ae737	MEDGULL_ANTWERPEN - Mediterranean gulls (Ichthyaetus melanocephalus, Laridae) breeding near Antwerp (Belgium)	Research Institute for Nature and Forest (INBO)	48003
66e0553e-75f6-49de-b614-22efd9fbf6e9	MH_WATERLAND - Western marsh harriers (Circus aeruginosus, Accipitridae) breeding near the Belgium-Netherlands border	Research Institute for Nature and Forest (INBO)	27115
2b2bf993-fc91-4d29-ae0b-9940b97e3232	Zomerganzen - Summering geese management and population counts in Flanders, Belgium	Research Institute for Nature and Forest (INBO)	26224
0c4bf92b-95c9-4a2a-9756-67d98195459f		Royal Belgian Institute of Natural Sciences	25113
c0cc29de-f49f-4b66-b4ec-c83afbb7101d		Meise Botanic Garden	24577
8138eb72-f762-11e1-a439-00145eb45e9a	Royal Belgian Institute of Natural Sciences Collection	Royal Belgian Institute of Natural Sciences	24524
88216808-1942-44ed-b059-b576bf79a28e	CURLEW_VLAANDEREN - Eurasian curlews (Numenius arquata, Scolopacidae) breeding in Flanders (Belgium)	Research Institute for Nature and Forest (INBO)	23769
6850e626-46fd-4843-a391-2c06b069a940	SPOONBILL_VLAANDEREN - Eurasian spoonbills (Platalea leucorodia, Threskiornithidae) in Flanders (Belgium)	Research Institute for Nature and Forest (INBO)	19785
e347ea47-db3f-4c47-8771-ea562330382c	MH_ANTWERPEN - Western marsh harriers (Circus aeruginosus, Accipitridae) breeding near Antwerp (Belgium)	Research Institute for Nature and Forest (INBO)	15280
e89c4d84-f5c7-43ea-882b-1569609ff4e6		Royal Belgian Institute of Natural Sciences	12175
a78e0e05-7ad8-4acb-9601-ced356fd8a24		Flanders Marine Institute	11761
b1047888-ae52-4179-9dd5-5448ea342a24		Xeno-canto Foundation for Nature Sounds	11249
6ff8b3b0-ef0f-4f79-a310-5a5615c6aa0b		Birda	11246
8db58232-363c-4396-9c99-6fb70c1adbc3		Belgian Biodiversity Platform	7296
6ac3f774-d9fb-4796-b3e9-92bf6c81c084		naturgucker.de	6614
c779b049-28f3-4daf-bbf4-0a40830819b6	EBCC Atlas of European Breeding Birds	European Bird Census Council (EBCC)	5988
20bbd36e-d1a1-4169-8663-59feaa2641c0	O_WESTERSCHELDE - Eurasian oystercatchers (Haematopus ostralegus, Haematopodidae) breeding in East Flanders (Belgium)	Research Institute for Nature and Forest (INBO)	5959
c9cbc586-660e-4d89-ba14-0000c5770de1	GMU8_LEUVEN - Camera trap observations in natural habitats south of Leuven (Belgium)	Research Institute for Nature and Forest (INBO)	4957
95fd34fe-0099-4361-b32d-318916333171	Seabird observations at Nieuwpoort (July 1978 - May 1983)	Flanders Marine Institute	4301
04871911-1b00-41f3-8dc6-fc0cea421f96	DEMNA-DNE : Early warning system on Introduced Species in Wallonia	Service Public de Wallonie – Département d’Etude du Milieu Naturel et Agricole (SPW – DEMNA)	4242
8a863029-f435-446a-821e-275f4f641165		Observation.org	3225
1711ea40-a09b-43e9-8a3d-8dbbf9bb6387	Number of live, sick and dead birds of Anseriformes and Charadriiformes by day submitted to Observation.org in The Netherlands and Belgium between 2016 and 2021	Estación Biológica de Doñana (CSIC)	2256
d740f242-6c26-4229-9a8f-b63bfab63dc6		Newcastle University	2242
292a71df-588b-48fa-9ab5-29ae868ba88c	Bird ringing and recovery database (TIPU)	Finnish Museum of Natural History - Zoology Unit	2036
cdc76698-d92d-4a0b-b8d5-04ba3b22defd	DEMNA-DNE : Exotic animal occurrences in Wallonia, Belgium	Service Public de Wallonie – Département d’Etude du Milieu Naturel et Agricole (SPW – DEMNA)	2025
93c8cc03-30cf-474e-8173-dbe5a22a5d28	JNCC seabird distribution and abundance data (all trips) from ESAS database	OBIS-SEAMAP	1985
8ea87d00-f94e-4221-8f2f-2e9150132361	Ringing or bird recapture	ICNF - Instituto da Conservação da Natureza e das Florestas	1449
a209cef2-cfad-460b-8ed4-0ccf211a8240	MUNTJAC_ANTWERP - Camera trap observations of Chinese muntjac in forested areas near Antwerp (Belgium)	Research Institute for Nature and Forest (INBO)	1278
8ac6a904-657c-4b34-9d5f-1673a3d24376	DIGITAF - Agrobiodiversity occurrences in and around tree row bordered cereal fields in Flanders, Belgium	Ghent University	868
96570b1a-f762-11e1-a439-00145eb45e9a		Copenhagen Bird Ringing Centre, Zoological Museum, Natural History Museum of Denmark	766
0310b080-ec4b-11dc-b73e-b8a03c50a862	Ghent university - Zoology Museum - Vertebrate Collection	Ghent University	760
69351197-880d-4100-8e69-e80babf3fdd7	Management actions by RATO in East Flanders, Belgium	RATO vzw	526
98717a75-4a7c-4c09-a367-2eab3ccf276b		ENGIE	516
037b3f77-0cd9-459c-a6f3-6049785daa8e		Flanders Marine Institute	485
8be43f9b-52e7-47d4-be3e-dbcc066d70ab		Western Foundation of Vertebrate Zoology	471
889c91a3-614f-4355-8df8-b6d0260a118c		Naturalis Biodiversity Center	387
ba19fc1d-670c-426b-b99d-49f003792ac4	RU-BIRDS.RU research-grade observations	Lomonosov Moscow State University	374
d1805c77-25fa-4538-8c32-3d32a9883259		Netherlands Ornithologists' Union (NOU)	307
bcac3656-d9c1-4b91-a2a1-7320a84df798	Ornithological observations in the southeast of the North Sea between June 1971 and January 1972	Flanders Marine Institute	306
1066dc76-6416-477a-a953-aec2bcd8de6b		Museum and Institute of Zoology, Polish Academy of Sciences (MIIZ PAN)	301
ddd51fa5-97ce-48ff-9a58-a09d7e76b103	VMM - Rat control occurrences in Flanders, Belgium	Flanders Environment Agency (VMM)	300
cd1c5bf1-0d7a-447a-875a-919f22e325bb		University of Amsterdam / IBED	271
ec836767-7df3-4b7e-bee4-63e1d3ee0bba	KU Leuven, Zoology Museum, PAS Bird collection (Aves)	KU Leuven	243
dad6253c-be06-4626-9b95-d48823137ced		The Netherlands Institute of Ecology (NIOO-KNAW)	233
312bb844-4980-4b1a-a64b-e79f9ac083a4		BioFresh	222
a0e4d63d-7609-4031-b27d-8aebe9117ef8	micro mammals predated by Tyto alba in Wallonia	Service Public de Wallonie – Département d’Etude du Milieu Naturel et Agricole (SPW – DEMNA)	203
36f15a36-6b45-442e-9c31-cd633423aee0		Field Museum	172
52f2051b-c47e-403a-8e32-04b2f2273c20	Aranzadi Ringing Scheme (bird ring-recovery data)	Aranzadi Science Society	161
5124534e-2d9c-46b7-a857-e0012821526b	H_GRONINGEN - Western marsh harriers (Circus aeruginosus, Accipitridae) breeding in Groningen (the Netherlands)	Research Institute for Nature and Forest (INBO)	157
712dba38-74cc-4704-87c0-63d1bf8484bc	Birdmap data	PlutoF	153
4b15eab0-67e6-42c6-bc1a-9bb44354d837		Estonian Ornithological Society (BirdLife Estonia)	152
b84a3711-b4ca-4e4f-adac-80dfaea98d1c	Hatikka.fi observations	Finnish Biodiversity Information Facility	146
0ce32496-2305-4bac-a6b5-efa972aff14d	Recoveries of birds ringed by Revtangen Bird Observatory	Museum Stavanger	143
ea410929-015a-4093-9c7e-7be2482668c9	Natagriwal ; Observations made from operations within Natura 2000 habitats and other semi-natural areas	Natagriwal asbl	138
f861b96e-76f8-4a4d-b301-ebb82eed6011		Norwegian Biodiversity Information Centre	132
e635240a-3cb1-4d26-ab87-57d8c7afdfdb	University of Kansas Biodiversity Institute Ornithology Collection	University of Kansas Biodiversity Institute	129
f5b95458-0d95-48f4-b4ad-679a6c937a7d		ENGIE	127
e47b30f3-e957-460f-8c5f-d299a76fc080		SwissNatColl	111
7522721f-4d97-4984-8231-c9e061ef46df	Invasive species - Rosse stekelstaart (Oxyura jamaicensis) in Flanders, Belgium	Research Institute for Nature and Forest (INBO)	110
8fd84a4f-bbed-490b-9ca4-c0a3d0aea079	eDNA from water column to characterise fish and invertebrate communities from 30 sites in the Belgian Part of the North Sea -12S	Flanders Research Institute for Agriculture, Fisheries and Food (ILVO)	110
b264472b-e6ed-442a-a18e-4bdccdb70169	VBP - Citizen science Occurrences of a former sand quarry by NATUBRABZB in Flanders, Belgium	Research Institute for Nature and Forest (INBO)	100
789d0bc0-0709-4e98-82b7-7fd664ff6527	Number of Anseriformes and Charadriiformes live, sick and dead, and number of Anseriformes and Charadriiformes sick and dead by administrative unit (NUTS3 region) submitted to Observation.org between 2016 and 2021	Estación Biológica de Doñana (CSIC)	88
96bb53c5-01ae-48fc-b5c2-26c549a50089	Observatoire Pelagis aerial surveys 2002-2021	OBIS-SEAMAP	72
3236cdc4-2f4d-4bd6-b53f-54fd8d8a0aa8		BioFresh	72
532d4c0b-9f4b-4828-be17-a402ce9d69b0	Meise Bird Monitoring 2026	Meise Botanic Garden	65
b4ae1720-1431-49ee-bfeb-8146fc42b1a3		South African National Biodiversity Institute	65
532d4c0b-9f4b-4828-be17-a402ce9d69b0	Meise Bird Monitoring 2027	Meise Botanic Garden	61
3634aee3-41d5-4aa2-8cb5-875859f62a3a	MICA - Muskrat occurrences collected by VMM in Flanders, Belgium	Flanders Environment Agency (VMM)	58
8ddac24b-e022-46df-8883-11e4f222142b		Flanders Research Institute for Agriculture, Fisheries and Food (ILVO)	53
532d4c0b-9f4b-4828-be17-a402ce9d69b0	Meise Bird Monitoring 2040	Meise Botanic Garden	53
532d4c0b-9f4b-4828-be17-a402ce9d69b0	Meise Bird Monitoring 2043	Meise Botanic Garden	53
2d880bf8-b3e1-4bc5-b46e-c961180ff869		Flanders Marine Institute	51
532d4c0b-9f4b-4828-be17-a402ce9d69b0	Meise Bird Monitoring 2045	Meise Botanic Garden	51
532d4c0b-9f4b-4828-be17-a402ce9d69b0	Meise Bird Monitoring 2024	Meise Botanic Garden	48
532d4c0b-9f4b-4828-be17-a402ce9d69b0	Meise Bird Monitoring 2025	Meise Botanic Garden	47
532d4c0b-9f4b-4828-be17-a402ce9d69b0	Meise Bird Monitoring 2051	Meise Botanic Garden	46
860ebeef-240a-455c-997c-bd0e79806f26		UAR PatriNat (OFB-MNHN-CNRS-IRD), Paris	45
5b8bcba7-cecb-4d95-9865-2830cd4e35aa	Invasive species - American bullfrog (Lithobates catesbeianus) in Flanders, Belgium (post 2018)	Research Institute for Nature and Forest (INBO)	44
532d4c0b-9f4b-4828-be17-a402ce9d69b0	Meise Bird Monitoring 2031	Meise Botanic Garden	44
c9198eaf-f909-4502-9bcd-4e83452fb245	Monitoring des projets réalisés Beckerich - 2016	National Museum of Natural History, Luxembourg	44
821cc27a-e3bb-4bc5-ac34-89ada245069d	NMNH Extant Biology	National Museum of Natural History, Smithsonian Institution	44
532d4c0b-9f4b-4828-be17-a402ce9d69b0	Meise Bird Monitoring 2044	Meise Botanic Garden	43
532d4c0b-9f4b-4828-be17-a402ce9d69b0	Meise Bird Monitoring 2046	Meise Botanic Garden	43
532d4c0b-9f4b-4828-be17-a402ce9d69b0	Meise Bird Monitoring 2047	Meise Botanic Garden	42
eec96315-24f7-44ab-99dd-bed82d69bed5		TotalEnergies	42
532d4c0b-9f4b-4828-be17-a402ce9d69b0	Meise Bird Monitoring 2028	Meise Botanic Garden	41
532d4c0b-9f4b-4828-be17-a402ce9d69b0	Meise Bird Monitoring 2042	Meise Botanic Garden	41
532d4c0b-9f4b-4828-be17-a402ce9d69b0	Meise Bird Monitoring 2048	Meise Botanic Garden	41
a307e4d7-1de2-4adc-95d5-a0a8d5f57236		Natural History Museum Rotterdam	41
532d4c0b-9f4b-4828-be17-a402ce9d69b0	Meise Bird Monitoring 2049	Meise Botanic Garden	39
532d4c0b-9f4b-4828-be17-a402ce9d69b0	Meise Bird Monitoring 2038	Meise Botanic Garden	39
532d4c0b-9f4b-4828-be17-a402ce9d69b0	Meise Bird Monitoring 2030	Meise Botanic Garden	39
0eb4ad83-f80d-4d86-83d8-f3a55ddd216f		UAR PatriNat (OFB-MNHN-CNRS-IRD), Paris	38
532d4c0b-9f4b-4828-be17-a402ce9d69b0	Meise Bird Monitoring 2021	Meise Botanic Garden	38
532d4c0b-9f4b-4828-be17-a402ce9d69b0	Meise Bird Monitoring 2039	Meise Botanic Garden	37
532d4c0b-9f4b-4828-be17-a402ce9d69b0	Meise Bird Monitoring 2023	Meise Botanic Garden	37
532d4c0b-9f4b-4828-be17-a402ce9d69b0	Meise Bird Monitoring 2033	Meise Botanic Garden	36
532d4c0b-9f4b-4828-be17-a402ce9d69b0	Meise Bird Monitoring 2022	Meise Botanic Garden	36
532d4c0b-9f4b-4828-be17-a402ce9d69b0	Meise Bird Monitoring 2041	Meise Botanic Garden	36
c9198eaf-f909-4502-9bcd-4e83452fb245	Zufallsfunde Vögel	National Museum of Natural History, Luxembourg	34
532d4c0b-9f4b-4828-be17-a402ce9d69b0	Meise Bird Monitoring 2017	Meise Botanic Garden	33
532d4c0b-9f4b-4828-be17-a402ce9d69b0	Meise Bird Monitoring 2019	Meise Botanic Garden	32
532d4c0b-9f4b-4828-be17-a402ce9d69b0	Meise Bird Monitoring 2032	Meise Botanic Garden	32
532d4c0b-9f4b-4828-be17-a402ce9d69b0	Meise Bird Monitoring 2029	Meise Botanic Garden	31
532d4c0b-9f4b-4828-be17-a402ce9d69b0	Meise Bird Monitoring 2050	Meise Botanic Garden	31
aa6c5ee6-d4d7-4a65-a04f-379cffbf4842		ArtenFinder bei der Stiftung Natur und Umwelt RLP und der Stiftung Naturschutz Berlin	31
532d4c0b-9f4b-4828-be17-a402ce9d69b0	Meise Bird Monitoring 2020	Meise Botanic Garden	28
962f59bc-f762-11e1-a439-00145eb45e9a	Beobachtungen Vögel	National Museum of Natural History, Luxembourg	28
9575ab07-e816-4cd6-aa99-483343a825e6		BioFresh	27
532d4c0b-9f4b-4828-be17-a402ce9d69b0	Meise Bird Monitoring 2036	Meise Botanic Garden	26
532d4c0b-9f4b-4828-be17-a402ce9d69b0	Meise Bird Monitoring 2035	Meise Botanic Garden	26
532d4c0b-9f4b-4828-be17-a402ce9d69b0	Meise Bird Monitoring 2052	Meise Botanic Garden	25
8afcc57c-5d2b-4349-add6-29bfc33ed5cb	Vertical and horizontal environmental DNA (eDNA) patterns of fish in a shallow and well-mixed North Sea area	Flanders Research Institute for Agriculture, Fisheries and Food (ILVO)	24
7e380070-f762-11e1-a439-00145eb45e9a		Natural History Museum	22
ba0c03ab-fa61-4a3c-8db7-35c8c3454168		MNHN - Museum national d'Histoire naturelle	21
b7ec1bf8-819b-11e2-bad2-00145eb45e9a		Museum für Naturkunde Berlin	20
829026f2-f762-11e1-a439-00145eb45e9a		Senckenberg	20
848586a4-a07b-4974-9f12-e1bbe0736a21	Bird	Canadian Museum of Nature	20
532d4c0b-9f4b-4828-be17-a402ce9d69b0	Meise Bird Monitoring 2018	Meise Botanic Garden	19
532d4c0b-9f4b-4828-be17-a402ce9d69b0	Meise Bird Monitoring 2034	Meise Botanic Garden	19
a3683bf4-e662-40fb-be92-25fe6a9076aa	Bird Ringing	National Museum of Natural History, Luxembourg	18
532d4c0b-9f4b-4828-be17-a402ce9d69b0	Meise Bird Monitoring 2037	Meise Botanic Garden	18
e3ce628e-9683-4af7-b7a9-47eef785d3bb		Questagame	17
040c5662-da76-4782-a48e-cdea1892d14c		The International Barcode of Life Consortium	15
df12ca07-f133-4550-ab3b-fde13f0e76ba	Notebook, general observations	Finnish Biodiversity Information Facility	15
7f6dd0f7-9ed4-49c0-bb71-b2a9c7fed9f1		Cornell Lab of Ornithology	15
9fd8e0a3-5df0-4125-9643-58ca6bc52cb7		Museon	14
854cf79e-f762-11e1-a439-00145eb45e9a		Yale University Peabody Museum	13
96c93a1e-f762-11e1-a439-00145eb45e9a		American Museum of Natural History	12
e3b959d6-fcbe-4a28-a166-e4a807c340a0		Museum of Vertebrate Zoology	12
4bfac3ea-8763-4f4b-a71a-76a6f5f243d3		Museum of Comparative Zoology, Harvard University	12
cb6e66f1-3056-404d-a341-bb856762c57c	Minu loodusheli	PlutoF	11
962f59bc-f762-11e1-a439-00145eb45e9a	Vullendonéen Lëtzebuerg	National Museum of Natural History, Luxembourg	11
62e99340-528c-4baf-bbd7-bf0df2f186b9	General recording - MNHNL Data Portal	National Museum of Natural History, Luxembourg	10
bb5b30b4-827e-4d5e-a86a-825d65cb6583	Boutersem TGV	Paleobiology Database	10
84829fe4-f762-11e1-a439-00145eb45e9a		Louisiana State University Museum of Natural Science	9
427a6290-0c65-11dd-84d2-b8a03c50a862		Lund University Biological Museum	9
1d5b6d93-00b2-4bbe-9574-a78c8ed9d718		Leibniz Institute for the Analysis of Biodiversity Change (LIB)	8
25e3e8f1-86ee-440c-adfc-8e63759a6505		UAR PatriNat (OFB-MNHN-CNRS-IRD), Paris	8
fa375330-6c8a-11de-8226-b8a03c50a862		South Australian Museum	8
e6c97f6e-e952-11e2-961f-00145eb45e9a		Museum für Naturkunde Berlin	7
3e138a5b-bc84-4ef5-bdc8-57dcc4efa40c	Bird skins from (UN) Western Europe in the collections of World Museum, National Museums Liverpool	World Museum, National Museums Liverpool	7
96678e90-f762-11e1-a439-00145eb45e9a		Senckenberg	7
66178162-01dc-4133-9b3c-83265481c383	TestWat: Flanders freshwater bodies; macroinvertebrates and macrophytes	Research Institute for Nature and Forest (INBO)	7
e51b8857-2ad1-4701-a276-f0cd1f4cc6a5		Instituto de Investigación de Recursos Biológicos Alexander von Humboldt	7
b89dcfd3-e410-4b40-907c-2348cd748060	Aves (Luomus)	Finnish Museum of Natural History - Zoology Unit	6
77711782-d6c0-4b82-9772-3f6f181add46	Royal Ontario Museum Ornithology (ROMO)	Royal Ontario Museum	6
66df9620-115a-4794-be25-3a5b99786b1d		Florida Museum of Natural History	6
843df0c4-f762-11e1-a439-00145eb45e9a		Canadian Biodiversity Information Facility	6
fe28c4f1-7229-43b4-8f37-3fb406635d4d		Leibniz Institute for the Analysis of Biodiversity Change (LIB)	6
84056f27-5b61-4212-9c61-475b3c5499e5		Flanders Marine Institute	6
962f59bc-f762-11e1-a439-00145eb45e9a	Vogeldaten_import	National Museum of Natural History, Luxembourg	6
962f59bc-f762-11e1-a439-00145eb45e9a	PBEPT Steinfort	National Museum of Natural History, Luxembourg	6
bb5b30b4-827e-4d5e-a86a-825d65cb6583	Hoogbutsel	Paleobiology Database	6
4f29b6ab-20c0-4479-8795-4915bedcebd1		California Academy of Sciences	5
04169fce-7d4f-41f7-9dff-245960f5b59e		University of Iowa Museum of Natural History	5
962f59bc-f762-11e1-a439-00145eb45e9a	PBEPT Hobscheid	National Museum of Natural History, Luxembourg	5
a254720a-6dda-4c51-a61f-b21277c1fd0c	Management actions in West Flanders, Belgium	Province West Flanders	5
bb5b30b4-827e-4d5e-a86a-825d65cb6583	Kallo, Kattendijk Fm.	Paleobiology Database	5
ea95fd9b-58dc-4e48-b51f-9380e9804607	Invasive species - American bullfrog (Lithobates catesbeiana) in Flanders, Belgium	Research Institute for Nature and Forest (INBO)	5
ea233ece-c4fb-4fb8-bf98-f16235c4144c		Naturalis Biodiversity Center	4
8e9974a4-12e2-475f-9aec-5abdf24a1f50		UAR PatriNat (OFB-MNHN-CNRS-IRD), Paris	4
7d8ed137-1d30-42f1-8b78-12a4957e4690		SysTax	4
962f59bc-f762-11e1-a439-00145eb45e9a	Data from agreements and authorisations	National Museum of Natural History, Luxembourg	4
264e6a66-9c9e-4115-9aec-29d694c68097		University of Oslo	3
96653d3e-f762-11e1-a439-00145eb45e9a		Senckenberg	3
a690abd3-4118-4c47-8b13-e2e1e22b7a85	Oology (Luomus)	Finnish Museum of Natural History - Zoology Unit	3
7c7686bf-3c91-4d95-9561-e977e366e92b	Zoological collections, Bergen	University of Bergen	3
7557f69d-22f8-4cd8-9168-16d60f7170fd	Kartografie der Kleingewässer des Grossherzogtums Luxemburg	National Museum of Natural History, Luxembourg	3
3c2eb73a-82c8-4373-956f-1cb9473f76ba		Natuurmuseum Brabant	3
717b3b87-0ebd-46b4-812b-4a29786798d9		The University Museum of Zoology, Cambridge	3
be5507b9-7abf-4b69-afe1-5ca2b7561734	Bird Main	University of Michigan Museum of Zoology	3
4b15eab0-67e6-42c6-bc1a-9bb44354d837	Linnuvaatlused, Kristjan Adojaan	Estonian Ornithological Society (BirdLife Estonia)	3
829cf3b4-f762-11e1-a439-00145eb45e9a		Botanic Garden and Botanical Museum Berlin	3
c9198eaf-f909-4502-9bcd-4e83452fb245	Dëmpelkart Petange	National Museum of Natural History, Luxembourg	3
962f59bc-f762-11e1-a439-00145eb45e9a	Bird collections MNHNL	National Museum of Natural History, Luxembourg	3
4718437d-76c6-432b-9883-4b9a253ac53f	INBO collaborator Occurrences of invertebrates recorded in waarnemingen.be in Flanders, Belgium	Research Institute for Nature and Forest (INBO)	2
ce416850-8934-11dc-9962-b8a03c50a862	Ghent university - Zoology Museum - Insect Collection	Ghent University	2
e44ff4bb-9f72-43d6-b66d-66d00c969380	Birds (coll. Bonnetain)	Musée des Confluences	2
868ad223-8e90-45e7-ba2c-c69751663ab1		Musée Zoologique de la Ville de Strasbourg	2
1e28ee35-6fd8-4b6d-b7cf-6b01272c212f		Instituto Tecnológico Metropolitano	2
652ac1af-3907-4fd3-a509-2151a00bccc2	eDNA from water column to characterise fish and invertebrate communities from 30 sites in the Belgian Part of the North Sea -COI	Flanders Research Institute for Agriculture, Fisheries and Food (ILVO)	2
956bc674-6022-4c52-833e-c5fb39dc837a	Löydös Open Finnish Observation Database	Finnish Biodiversity Information Facility	2
bb5b30b4-827e-4d5e-a86a-825d65cb6583	Calcaire de Mons	Paleobiology Database	2
bb5b30b4-827e-4d5e-a86a-825d65cb6583	Kallo, Cultellus bed	Paleobiology Database	2
cb6e66f1-3056-404d-a341-bb856762c57c		PlutoF	2
d70c169f-fd9e-4355-8431-8d1fba91370f	Inventories efor-ersa	National Museum of Natural History, Luxembourg	2
84c58b60-f762-11e1-a439-00145eb45e9a		Center for Macroecology, Evolution and Climate, University of Copenhagen	2
e5c5cad9-b987-4bb4-b07b-85488c5fdd80	Natural History Museum DenmarkOrnithology Collection	Natural History Museum of Denmark	2
b848583a-a47b-4d09-a58b-46d3236b3d10		Université Libre de Bruxelles (ULB)	2
2bf7b2c0-34dc-4458-8ee4-4f99fac03b33	BioDiversity4All Research-grade Observations	BioDiversity4All	2
bb5b30b4-827e-4d5e-a86a-825d65cb6583	Poudingue de Ciply	Paleobiology Database	2
a1c9d4d7-aeda-46b6-a368-974b86d4f37c	Cartographie des biotopes	National Museum of Natural History, Luxembourg	2
73a7ba69-d4f9-4df8-aab5-67e9183c2e16		Museum George Sand et de la Vallee Noire	2
c9198eaf-f909-4502-9bcd-4e83452fb245	Kammmolch Monitoring	National Museum of Natural History, Luxembourg	2
962f59bc-f762-11e1-a439-00145eb45e9a	Biodiv Monitoring Artenlisten	National Museum of Natural History, Luxembourg	2
962f59bc-f762-11e1-a439-00145eb45e9a	Zoological collections of the MnhnL (divers)	National Museum of Natural History, Luxembourg	2
bb5b30b4-827e-4d5e-a86a-825d65cb6583	Kallo, Atrina Beds	Paleobiology Database	2
bb5b30b4-827e-4d5e-a86a-825d65cb6583	Rupelmonde	Paleobiology Database	2
87ed95eb-4ead-465e-9c3a-7d9e9be4035d		Swedish Museum of Natural History	2
ae394984-e8f8-401b-a7c9-c87d29677963		Ukrainian Nature Conservation Group (NGO)	2
bb5b30b4-827e-4d5e-a86a-825d65cb6583	Tielrode deposit	Paleobiology Database	1
5d49ce2c-9257-40c8-8f69-26979452646d	ZMUO Common vertebrate collection	University of Oulu - Biodiversity Unit	1
bb5b30b4-827e-4d5e-a86a-825d65cb6583	Anvers	Paleobiology Database	1
bb5b30b4-827e-4d5e-a86a-825d65cb6583	CBR-Romontbos quarry (Eben Emael), Lava Horizon	Paleobiology Database	1
bb5b30b4-827e-4d5e-a86a-825d65cb6583	CBR-Romontbos Quarry (Base of Valkenburg Mbr.)	Paleobiology Database	1
bb5b30b4-827e-4d5e-a86a-825d65cb6583	Ankerpoort-Marnebel quarry (Emael Mb)	Paleobiology Database	1
bb5b30b4-827e-4d5e-a86a-825d65cb6583	Maaseik Well (49W0220) - 285 m (Berada Fm)	Paleobiology Database	1
bb5b30b4-827e-4d5e-a86a-825d65cb6583	Oedelem Sands (Sables d'Oedelem) - Bruxellian Formation	Paleobiology Database	1
71d58564-f762-11e1-a439-00145eb45e9a	Museu de Ciències Naturals de Barcelona: MCNB-Cord	Museu de Ciències Naturals de Barcelona	1
15738fee-78b1-4751-bcc1-cbf7139c68de		Centre for Australian National Biodiversity Research	1
bb5b30b4-827e-4d5e-a86a-825d65cb6583	Loupoigne	Paleobiology Database	1
bb5b30b4-827e-4d5e-a86a-825d65cb6583	Posthofbrug, Antwerpen Sands	Paleobiology Database	1
bb5b30b4-827e-4d5e-a86a-825d65cb6583	Tuffeau de Ciply	Paleobiology Database	1
0debafd0-6c8a-11de-8225-b8a03c50a862	A. Somerville Egg Collection (2003-2017)	Commonwealth Scientific and Industrial Research Organisation	1
0debafd0-6c8a-11de-8225-b8a03c50a862	G.L. Walker Egg Collection	Commonwealth Scientific and Industrial Research Organisation	1
c8378949-f3f6-48b8-99ec-b646807deb59		Muséum Gabriel Foucher, musée d’histoire naturelle de la ville de Bourges	1
b8c97ae9-e444-48d8-8705-198d8c1e6fdd		Museum and Institute of Zoology, Polish Academy of Sciences (MIIZ PAN)	1
ca2e422f-be48-42a5-bca5-a37cada435c8		Universidade Estadual de Campinas	1
1d0212a5-5c5e-4696-8114-f39b2b35de5f	Ornithology	National Museum of Natural History, Bulgarian Academy of Sciences	1
857bce66-f762-11e1-a439-00145eb45e9a		Biologiezentrum Linz Oberoesterreich	1
71db3522-f762-11e1-a439-00145eb45e9a		National Museum of Nature and Science, Japan	1
b9afe2d0-b264-4422-bf8c-096b2a53c18f	data_release_001	Flanders Marine Institute	1
bb5b30b4-827e-4d5e-a86a-825d65cb6583	Nederokkerzeel	Paleobiology Database	1
bb5b30b4-827e-4d5e-a86a-825d65cb6583	Aalter Sands (Sables d'Aalter) - Bruxelles Formation	Paleobiology Database	1
bb5b30b4-827e-4d5e-a86a-825d65cb6583	Etterbeek	Paleobiology Database	1
bb5b30b4-827e-4d5e-a86a-825d65cb6583	Canal d'Herentals	Paleobiology Database	1
bb5b30b4-827e-4d5e-a86a-825d65cb6583	Bruxelles Sands (Sables d'Bruxelles) - Bruxelles Formation	Paleobiology Database	1
bb5b30b4-827e-4d5e-a86a-825d65cb6583	Amerika Dok	Paleobiology Database	1
62e99340-528c-4baf-bbd7-bf0df2f186b9	Take Part - Citizen Science	National Museum of Natural History, Luxembourg	1
962f59bc-f762-11e1-a439-00145eb45e9a	PBEPT BOULAIDE	National Museum of Natural History, Luxembourg	1
962f59bc-f762-11e1-a439-00145eb45e9a	DNA samples MNHNL	National Museum of Natural History, Luxembourg	1
8c759d8c-f762-11e1-a439-00145eb45e9a		PANGAEA - Data Publisher for Earth & Environmental Science	1
c9198eaf-f909-4502-9bcd-4e83452fb245	Raubwürger - diverse Kartierungen	National Museum of Natural History, Luxembourg	1
c9198eaf-f909-4502-9bcd-4e83452fb245	Fotofallen	National Museum of Natural History, Luxembourg	1
962f59bc-f762-11e1-a439-00145eb45e9a	DNA barcode Herbarium LUX	National Museum of Natural History, Luxembourg	1
962f59bc-f762-11e1-a439-00145eb45e9a	Schéierschwanz & Co	National Museum of Natural History, Luxembourg	1
c6a2ecf7-f9d2-4443-91b6-199f00aa01a2	Karlstrøm norsk og utenlandsk samling egg	Norwegian University of Science and Technology	1
bb5b30b4-827e-4d5e-a86a-825d65cb6583	Steendorp (Rupelian)	Paleobiology Database	1
bb5b30b4-827e-4d5e-a86a-825d65cb6583	Vieux-Genappe	Paleobiology Database	1
bb5b30b4-827e-4d5e-a86a-825d65cb6583	La Belle-Roche	Paleobiology Database	1
bb5b30b4-827e-4d5e-a86a-825d65cb6583	Kallo, Kallo Sands	Paleobiology Database	1
22a66350-7947-4a49-84a3-39c7c1b0881f		Michigan State University Museum	1
